Tipo de actividad,Fecha,Favorito,Título,Distancia,Calorías,Tiempo,Frecuencia cardiaca media,FC máxima,Cadencia de carrera media,Cadencia de carrera máxima,Ritmo medio,Ritmo óptimo,Ascenso total,Descenso total,Longitud media de zancada,Relación vertical media,Oscilación vertical media,Tiempo medio de contacto con el suelo,Training Stress Score®,Dificultad,Fluidez,Swolf medio,Velocidad media de palada,Repeticiones totales,Descompresión,Mejor tiempo de vuelta,Número de vueltas,Temperatura máxima,Ritmo respiratorio medio,Ritmo mínimo de respiración,Ritmo máximo de respiración,Cambio en estrés,Inicio del periodo de estrés,Fin del periodo de estrés,Estrés medio,Estrés máximo,Tiempo en movimiento,Tiempo transcurrido,Altura mínima,Altura máxima
Carrera,2024-07-31 19:23:59,false,"Ciudad de Buenos Aires - 3x1k /3' Vo2","9.02","717","00:50:41","166","195","165","248","5:37","3:33","75","66","1.07","NaN","NaN","NaN","0.0","NaN","NaN","NaN","NaN","NaN","No","00:00:15","19","NaN","--","--","--","--","--","--","--","--","00:49:51","00:52:26","4","41"
Carrera,2024-07-26 18:57:16,false,"Ciudad de Buenos Aires - 50' reg","8.45","684","00:50:08","159","181","158","177","5:56","4:48","122","125","1.07","NaN","NaN","NaN","0.0","NaN","NaN","NaN","NaN","NaN","No","00:00:08.3","10","NaN","--","--","--","--","--","--","--","--","00:47:00","00:50:10","-1","36"
Carrera,2024-07-24 18:12:00,false,"Ciudad de Buenos Aires - 5x1k con pausa y ritmo progresiv","10.06","831","00:58:38","167","199","147","191","5:50","3:39","163","167","1.12","NaN","NaN","NaN","0.0","NaN","NaN","NaN","NaN","NaN","No","00:00:05","24","NaN","--","--","--","--","--","--","--","--","00:53:15","00:58:38","-6","36"
Carrera,2024-07-21 19:04:20,false,"Ciudad de Buenos Aires - 70' Z2","9.85","800","00:57:08","162","178","160","176","5:48","4:36","129","118","1.08","NaN","NaN","NaN","0.0","NaN","NaN","NaN","NaN","NaN","No","00:05:01.1","10","NaN","--","--","--","--","--","--","--","--","00:54:30","00:57:08","-1","36"
Carrera,2024-07-19 17:31:37,false,"Junín - 8k progresivos de 4'35 a 4'20)","11.90","927","01:02:32","170","198","166","184","5:15","4:16","70","70","1.13","NaN","NaN","NaN","0.0","NaN","NaN","NaN","NaN","NaN","No","00:02:23.2","13","NaN","--","--","--","--","--","--","--","--","01:01:42","01:02:38","68","91"
Carrera,2024-07-17 15:11:59,false,"Ciudad de Buenos Aires - 15x400 /1'30 (1'34 A 1'20)","11.05","950","01:10:57","161","195","130","196","6:25","3:18","185","187","1.15","NaN","NaN","NaN","0.0","NaN","NaN","NaN","NaN","NaN","No","00:00:09.3","42","NaN","--","--","--","--","--","--","--","--","00:56:14","01:11:10","-5","76"
Carrera,2024-07-14 10:20:30,false,"Ciudad de Buenos Aires - 90' Z2","16.23","1,235","01:25:22","164","180","172","180","5:16","4:29","171","172","1.11","NaN","NaN","NaN","0.0","NaN","NaN","NaN","NaN","NaN","No","00:01:18.1","17","NaN","--","--","--","--","--","--","--","--","01:25:12","01:27:14","-3","38"
Carrera,2024-07-12 18:54:19,false,"Ciudad de Buenos Aires - 4x2k /1' prog c/1k","13.80","1,060","01:13:24","168","194","162","243","5:19","3:36","329","321","1.14","NaN","NaN","NaN","0.0","NaN","NaN","NaN","NaN","NaN","No","00:00:01.7","26","NaN","--","--","--","--","--","--","--","--","01:11:12","01:13:24","-55","36"
Carrera,2024-07-10 07:14:09,false,"Ciudad de Buenos Aires - 12x400 /1'30 (1'34 - 1'26)","11.38","913","01:06:25","164","196","151","213","5:50","3:19","144","133","1.09","NaN","NaN","NaN","0.0","NaN","NaN","NaN","NaN","NaN","No","00:00:17.9","37","NaN","--","--","--","--","--","--","--","--","01:04:14","01:06:25","4","37"
Carrera,2024-07-07 15:38:55,false,"Ciudad de Buenos Aires - 90' Z2","17.06","1,300","01:30:02","165","182","172","182","5:17","4:33","183","190","1.10","NaN","NaN","NaN","0.0","NaN","NaN","NaN","NaN","NaN","No","00:00:01.8","19","NaN","--","--","--","--","--","--","--","--","01:29:30","01:30:28","-3","40"
Carrera,2024-07-05 18:16:47,false,"Ciudad de Buenos Aires - 7x1k/1' (4'40/4'20)","12.34","950","01:05:10","168","191","164","190","5:17","3:43","117","117","1.14","NaN","NaN","NaN","0.0","NaN","NaN","NaN","NaN","NaN","No","00:00:22.2","27","NaN","--","--","--","--","--","--","--","--","01:02:01","01:05:51","5","38"
Carrera,2024-07-03 18:44:39,false,"Ciudad de Buenos Aires - 50' reg","9.25","730","00:50:02","167","179","170","182","5:24","4:35","90","98","1.09","NaN","NaN","NaN","0.0","NaN","NaN","NaN","NaN","NaN","No","00:00:02.0","11","NaN","--","--","--","--","--","--","--","--","00:49:43","00:50:02","-4","36"
Carrera,2024-06-30 08:10:47,false,"Vicente López Carrera","10.03","712","00:41:59","173","194","186","192","4:11","3:41","35","33","1.29","NaN","NaN","NaN","0.0","NaN","NaN","NaN","NaN","NaN","No","00:00:05.3","11","NaN","--","--","--","--","--","--","--","--","00:41:57","00:41:59","-0","13"
Carrera,2024-06-28 19:21:59,false,"Ciudad de Buenos Aires - 30' Z2 + 4x150 prog","6.47","498","00:36:31","156","181","167","188","5:39","3:45","99","106","1.06","NaN","NaN","NaN","0.0","NaN","NaN","NaN","NaN","NaN","No","00:00:01.0","15","NaN","--","--","--","--","--","--","--","--","00:36:07","00:37:04","0","36"
Carrera,2024-06-26 19:46:32,false,"Ciudad de Buenos Aires - 3x1k /3' Vo2","7.80","582","00:49:56","150","200","144","192","6:24","3:22","109","112","1.04","NaN","NaN","NaN","0.0","NaN","NaN","NaN","NaN","NaN","No","00:00:20.9","18","NaN","--","--","--","--","--","--","--","--","00:46:53","00:50:18","5","39"
Carrera,2024-06-23 16:09:09,false,"Junín - 80' (5'50/5'20)","14.63","1,120","01:20:01","164","176","172","178","5:28","5:00","57","54","1.06","NaN","NaN","NaN","0.0","NaN","NaN","NaN","NaN","NaN","No","00:00:01.4","16","NaN","--","--","--","--","--","--","--","--","01:19:47","01:20:24","68","89"
Carrera,2024-06-21 17:16:45,false,"Junín - 8k (500 x 500)","12.07","937","01:04:57","170","192","169","186","5:23","3:38","71","60","1.09","NaN","NaN","NaN","0.0","NaN","NaN","NaN","NaN","NaN","No","00:00:23.5","28","NaN","--","--","--","--","--","--","--","--","01:04:53","01:04:57","71","91"
Carrera,2024-06-19 19:25:46,false,"Ciudad de Buenos Aires - 12x1'","8.64","711","00:51:23","160","193","147","194","5:57","3:14","216","219","1.12","NaN","NaN","NaN","0.0","NaN","NaN","NaN","NaN","NaN","No","00:00:10.9","37","NaN","--","--","--","--","--","--","--","--","00:47:29","00:51:23","-39","40"
Carrera,2024-06-17 12:19:59,false,"Junín - 80' (5'50/5'20)","14.64","1,161","01:20:01","171","185","171","176","5:28","5:07","50","51","1.07","NaN","NaN","NaN","0.0","NaN","NaN","NaN","NaN","NaN","No","00:00:01.3","16","NaN","--","--","--","--","--","--","--","--","01:19:59","01:20:01","68","88"
Carrera,2024-06-14 19:16:44,false,"Ciudad de Buenos Aires - 8x1k/1' (4'30/4'10)","13.65","1,012","01:12:51","162","188","162","192","5:20","3:40","189","191","1.14","NaN","NaN","NaN","0.0","NaN","NaN","NaN","NaN","NaN","No","00:00:03.5","30","NaN","--","--","--","--","--","--","--","--","01:12:02","01:13:36","-6","34"
Carrera,2024-06-12 19:05:54,false,"Ciudad de Buenos Aires - 10x1'","8.10","659","00:48:42","162","193","146","201","6:00","3:08","55","31","1.11","NaN","NaN","NaN","0.0","NaN","NaN","NaN","NaN","NaN","No","00:00:20","32","NaN","--","--","--","--","--","--","--","--","00:45:22","00:48:42","10","36"
Carrera,2024-06-09 19:07:03,false,"Ciudad de Buenos Aires - 70' (6'05 - 5'40) con cuestas","12.20","948","01:10:02","158","180","163","173","5:44","4:55","241","246","1.07","NaN","NaN","NaN","0.0","NaN","NaN","NaN","NaN","NaN","No","00:00:01.7","14","NaN","--","--","--","--","--","--","--","--","01:09:14","01:11:31","-1","40"
Carrera,2024-06-07 19:29:55,false,"Ciudad de Buenos Aires - 4x2k /1' prog c/1k","14.35","1,073","01:15:16","165","187","169","189","5:15","3:53","242","248","1.12","NaN","NaN","NaN","0.0","NaN","NaN","NaN","NaN","NaN","No","00:00:24.9","26","NaN","--","--","--","--","--","--","--","--","01:14:27","01:16:20","-6","36"
Carrera,2024-06-05 18:50:30,false,"Ciudad de Buenos Aires - 8x1'","8.54","731","00:53:12","166","198","155","188","6:14","3:13","285","282","1.02","NaN","NaN","NaN","0.0","NaN","NaN","NaN","NaN","NaN","No","00:00:22.9","23","NaN","--","--","--","--","--","--","--","--","00:51:12","00:53:52","-5","158"
Carrera,2024-06-02 17:53:45,false,"Ciudad de Buenos Aires - 60' (5'45 - 5'15) con cuestas","10.99","859","01:00:02","166","185","166","174","5:28","4:55","159","165","1.10","NaN","NaN","NaN","0.0","NaN","NaN","NaN","NaN","NaN","No","00:00:02.2","12","NaN","--","--","--","--","--","--","--","--","01:00:01","01:00:02","4","37"
Carrera,2024-05-31 19:34:00,false,"Ciudad de Buenos Aires - 3x1k /3' (4'30 - 4'10 - max.)","9.48","760","00:54:43","162","196","158","188","5:46","3:40","147","140","1.09","NaN","NaN","NaN","0.0","NaN","NaN","NaN","NaN","NaN","No","00:00:03.3","20","NaN","--","--","--","--","--","--","--","--","00:51:52","00:54:43","-6","42"
Carrera,2024-05-29 18:40:33,false,"Ciudad de Buenos Aires - 40' reg +8x15 progresiones","9.39","738","00:56:02","155","184","162","184","5:58","3:30","155","156","1.03","NaN","NaN","NaN","0.0","NaN","NaN","NaN","NaN","NaN","No","00:00:01.8","24","NaN","--","--","--","--","--","--","--","--","00:55:34","00:57:00","2","34"
Carrera,2024-05-22 19:23:19,false,"Ciudad de Buenos Aires - 15x200 (48"/45") /1'","8.40","717","00:52:50","158","190","135","195","6:18","3:06","82","92","1.18","NaN","NaN","NaN","0.0","NaN","NaN","NaN","NaN","NaN","No","00:00:20","43","NaN","--","--","--","--","--","--","--","--","00:44:38","00:53:09","5","37"
Carrera,2024-05-19 18:31:23,false,"Ciudad de Buenos Aires - 70' (5'05 - 4'50) cuestas","11.56","927","01:10:01","160","181","159","171","6:03","5:03","197","200","1.04","NaN","NaN","NaN","0.0","NaN","NaN","NaN","NaN","NaN","No","00:00:00.8","13","NaN","--","--","--","--","--","--","--","--","01:08:25","01:10:01","3","36"
Carrera,2024-05-17 19:42:56,false,"Ciudad de Buenos Aires - 8x800 /1' (3'36 - 3'20)","11.65","888","01:04:09","162","192","157","192","5:30","3:39","187","189","1.15","NaN","NaN","NaN","0.0","NaN","NaN","NaN","NaN","NaN","No","00:00:25.4","29","NaN","--","--","--","--","--","--","--","--","00:59:54","01:04:42","5","88"
Carrera,2024-05-15 19:45:34,false,"Ciudad de Buenos Aires - 12x300 /1' (1'09 - 1'03)","9.76","769","00:55:37","162","191","149","199","5:42","3:15","748","749","1.15","NaN","NaN","NaN","0.0","NaN","NaN","NaN","NaN","NaN","No","00:00:23.9","37","NaN","--","--","--","--","--","--","--","--","00:49:32","00:56:26","5","156"
Carrera,2024-05-12 18:30:17,false,"Ciudad de Buenos Aires - 60' (6'00 - 5'40) con cuestas","10.13","804","01:00:01","158","179","164","171","5:55","5:02","163","168","1.03","NaN","NaN","NaN","0.0","NaN","NaN","NaN","NaN","NaN","No","00:00:00.7","12","NaN","--","--","--","--","--","--","--","--","00:59:49","01:01:07","4","40"
Carrera,2024-05-10 19:06:56,false,"Ciudad de Buenos Aires - 6x1k /1' (4'45 - 4'20)","11.79","907","01:05:58","162","191","158","192","5:36","3:47","173","175","1.12","NaN","NaN","NaN","0.0","NaN","NaN","NaN","NaN","NaN","No","00:00:04.7","26","NaN","--","--","--","--","--","--","--","--","01:02:50","01:06:09","-6","35"
Carrera,2024-05-08 19:05:08,false,"Ciudad de Buenos Aires - 10x300 /1' (1'14 - 1'08)","8.54","701","00:49:54","165","193","150","192","5:51","3:21","70","74","1.11","NaN","NaN","NaN","0.0","NaN","NaN","NaN","NaN","NaN","No","00:00:22.4","33","NaN","--","--","--","--","--","--","--","--","00:45:47","00:50:15","5","41"
Carrera,2024-05-03 18:57:11,false,"Ciudad de Buenos Aires - 6k TEMPO","10.05","741","00:52:16","162","184","172","184","5:12","4:31","148","152","1.11","NaN","NaN","NaN","0.0","NaN","NaN","NaN","NaN","NaN","No","00:02:24.2","11","NaN","--","--","--","--","--","--","--","--","00:51:51","00:52:16","-6","34"
Carrera,2024-05-01 18:35:59,false,"Ciudad de Buenos Aires - 10x1' cuestas rapidas","8.78","749","00:56:24","160","191","150","236","6:25","3:29","192","190","1.03","NaN","NaN","NaN","0.0","NaN","NaN","NaN","NaN","NaN","No","00:00:04.8","34","NaN","--","--","--","--","--","--","--","--","00:55:25","00:56:57","4","36"
Carrera,2024-04-28 16:27:54,false,"Ciudad de Buenos Aires - 90' (5'40 - 5'20))","16.53","1,271","01:30:01","166","178","169","178","5:27","4:44","143","138","1.09","NaN","NaN","NaN","0.0","NaN","NaN","NaN","NaN","NaN","No","00:00:01.2","18","NaN","--","--","--","--","--","--","--","--","01:29:41","01:31:25","-4","37"
Carrera,2024-04-26 18:47:33,false,"Ciudad de Buenos Aires - 3x3k (4'45 - 4'20) /1'30","14.60","1,138","01:19:03","170","194","166","186","5:25","3:59","159","165","1.10","NaN","NaN","NaN","0.0","NaN","NaN","NaN","NaN","NaN","No","00:00:47.7","19","NaN","--","--","--","--","--","--","--","--","01:17:54","01:19:59","5","38"
Carrera,2024-04-24 19:30:24,false,"Ciudad de Buenos Aires - Vo2max. 8x1' cuestas","8.11","668","00:56:47","154","193","136","206","7:00","3:07","162","175","1.03","NaN","NaN","NaN","0.0","NaN","NaN","NaN","NaN","NaN","No","00:00:06.4","23","NaN","--","--","--","--","--","--","--","--","00:53:10","00:58:12","4","36"
Carrera,2024-04-19 19:46:58,false,"Ciudad de Buenos Aires - 3k+2k+3k (4'12 - 4'00)","12.55","978","01:10:26","165","192","161","190","5:37","3:48","214","213","1.09","NaN","NaN","NaN","0.0","NaN","NaN","NaN","NaN","NaN","No","00:00:02.1","25","NaN","--","--","--","--","--","--","--","--","01:06:54","01:11:01","-6","36"
Carrera,2024-04-17 19:13:32,false,"Ciudad de Buenos Aires - CUESTAS. 3x (5x30)","11.30","920","01:08:36","163","191","155","229","6:04","3:14","256","260","1.05","NaN","NaN","NaN","0.0","NaN","NaN","NaN","NaN","NaN","No","00:00:02.5","39","NaN","--","--","--","--","--","--","--","--","01:05:42","01:09:37","3","39"
Carrera,2024-04-14 17:49:24,false,"Ciudad de Buenos Aires - 70' (5'35)","12.47","1,041","01:10:01","180","191","164","171","5:37","4:48","108","110","1.09","NaN","NaN","NaN","0.0","NaN","NaN","NaN","NaN","NaN","No","00:00:00.6","14","NaN","--","--","--","--","--","--","--","--","01:10:00","01:10:04","-1","37"
Carrera,2024-04-12 19:11:49,false,"Ciudad de Buenos Aires - 2x3k (4'20 - 4'00) /1k suave","13.36","1,029","01:10:39","170","194","168","184","5:17","4:12","217","223","1.12","NaN","NaN","NaN","0.0","NaN","NaN","NaN","NaN","NaN","No","00:00:20.9","15","NaN","--","--","--","--","--","--","--","--","01:10:10","01:12:48","-6","36"
Carrera,2024-04-10 19:02:06,false,"Ciudad de Buenos Aires - CUESTAS. 3x (4x30)","10.11","828","01:02:54","162","192","155","199","6:13","3:32","246","246","1.03","NaN","NaN","NaN","0.0","NaN","NaN","NaN","NaN","NaN","No","00:00:30","34","NaN","--","--","--","--","--","--","--","--","01:00:51","01:13:59","-6","36"
Carrera,2024-04-07 18:09:45,false,"Ciudad de Buenos Aires - 80' (5'40/5'30)","14.55","1,148","01:20:01","173","185","171","176","5:30","4:38","136","147","1.06","NaN","NaN","NaN","0.0","NaN","NaN","NaN","NaN","NaN","No","00:00:01.3","16","NaN","--","--","--","--","--","--","--","--","01:19:58","01:20:17","-1","36"
Carrera,2024-04-05 18:35:06,false,"Ciudad de Buenos Aires - 40' reg","6.80","528","00:40:02","157","172","163","171","5:53","4:56","84","98","1.05","NaN","NaN","NaN","0.0","NaN","NaN","NaN","NaN","NaN","No","00:00:02.2","8","NaN","--","--","--","--","--","--","--","--","00:39:18","00:40:07","-6","31"
Carrera,2024-03-26 19:01:18,false,"Ciudad de Buenos Aires - 40' reg","6.75","524","00:40:01","156","172","165","175","5:56","5:08","86","83","1.02","NaN","NaN","NaN","0.0","NaN","NaN","NaN","NaN","NaN","No","00:00:00.9","8","NaN","--","--","--","--","--","--","--","--","00:40:00","00:40:22","-1","34"
Carrera,2024-03-25 18:38:12,false,"Ciudad de Buenos Aires - 30' cuestas (30x1')","10.46","832","01:10:01","154","184","151","194","6:42","3:58","315","318","0.98","NaN","NaN","NaN","0.0","NaN","NaN","NaN","NaN","NaN","No","00:00:01.4","47","NaN","--","--","--","--","--","--","--","--","01:07:49","01:15:41","3","38"
Carrera,2024-03-24 17:39:56,false,"Ciudad de Buenos Aires - 70' (5'35)","12.51","994","01:10:02","169","180","167","174","5:36","5:11","120","107","1.07","NaN","NaN","NaN","0.0","NaN","NaN","NaN","NaN","NaN","No","00:00:01.6","14","NaN","--","--","--","--","--","--","--","--","01:09:56","01:11:28","-0","36"
Carrera,2024-03-22 19:35:55,false,"Ciudad de Buenos Aires - 40' reg","5.74","432","00:40:02","133","142","158","171","6:58","5:17","82","84","0.91","NaN","NaN","NaN","0.0","NaN","NaN","NaN","NaN","NaN","No","00:00:02.2","7","NaN","--","--","--","--","--","--","--","--","00:38:30","00:40:02","3","38"
Carrera,2024-03-21 18:41:58,false,"Ciudad de Buenos Aires - 3x2k/1'30","11.45","831","01:01:27","159","186","166","186","5:22","3:46","167","173","1.11","NaN","NaN","NaN","0.0","NaN","NaN","NaN","NaN","NaN","No","00:00:01.8","23","NaN","--","--","--","--","--","--","--","--","01:00:23","01:03:36","-6","35"
Carrera,2024-03-19 19:27:27,false,"Ciudad de Buenos Aires - 40' reg","5.82","501","00:39:08","163","181","158","178","6:44","4:22","97","87","0.94","NaN","NaN","NaN","0.0","NaN","NaN","NaN","NaN","NaN","No","00:05:39.0","6","NaN","--","--","--","--","--","--","--","--","00:38:23","00:40:13","-1","36"
Carrera,2024-03-18 19:00:35,false,"Ciudad de Buenos Aires - 25' cuestas (30x1')","9.21","754","00:55:35","166","189","160","227","6:02","4:11","223","225","1.03","NaN","NaN","NaN","0.0","NaN","NaN","NaN","NaN","NaN","No","00:00:04.8","41","NaN","--","--","--","--","--","--","--","--","00:53:48","01:02:16","3","38"
Carrera,2024-03-16 14:09:54,false,"Ciudad de Buenos Aires - 60' reg + 5x100 prog","10.94","876","01:07:08","160","178","159","241","6:08","3:41","178","187","1.02","NaN","NaN","NaN","0.0","NaN","NaN","NaN","NaN","NaN","No","00:00:02.3","21","NaN","--","--","--","--","--","--","--","--","01:06:30","01:08:30","0","72"
Carrera,2024-03-14 18:41:44,false,"Ciudad de Buenos Aires - 5x1k (4'50/4'35) /1' -5","10.03","805","00:54:46","169","194","161","194","5:28","3:57","134","128","1.13","NaN","NaN","NaN","0.0","NaN","NaN","NaN","NaN","NaN","No","00:00:06.0","23","NaN","--","--","--","--","--","--","--","--","00:52:33","00:54:46","-5","36"
Carrera,2024-03-12 18:51:18,false,"Ciudad de Buenos Aires - 40' reg","6.58","533","00:40:08","158","176","157","173","6:06","4:47","93","88","1.05","NaN","NaN","NaN","0.0","NaN","NaN","NaN","NaN","NaN","No","00:00:08.2","8","NaN","--","--","--","--","--","--","--","--","00:39:32","00:41:01","0","36"
Carrera,2024-03-10 08:00:46,false,"Ciudad de Buenos Aires Carrera","10.04","735","00:44:23","185","193","181","189","4:25","3:48","77","76","1.25","NaN","NaN","NaN","0.0","NaN","NaN","NaN","NaN","NaN","No","00:00:10.1","11","NaN","--","--","--","--","--","--","--","--","00:44:15","00:44:23","-2","19"
Carrera,2024-03-09 09:52:24,false,"Ciudad de Buenos Aires - 10' reg + 3x100 prog","2.50","184","00:14:15","154","180","168","187","5:42","3:39","211","217","1.04","NaN","NaN","NaN","0.0","NaN","NaN","NaN","NaN","NaN","No","00:00:02.9","9","NaN","--","--","--","--","--","--","--","--","00:14:10","00:14:29","2","126"
Carrera,2024-03-07 19:44:57,false,"Ciudad de Buenos Aires - descarga. 3x200","6.64","515","00:37:40","168","190","168","187","5:40","3:48","122","127","1.05","NaN","NaN","NaN","0.0","NaN","NaN","NaN","NaN","NaN","No","00:00:05.5","20","NaN","--","--","--","--","--","--","--","--","00:37:38","00:38:56","5","36"
Carrera,2024-03-05 19:10:12,false,"Ciudad de Buenos Aires - descarga. 2x1k/1' (4'55/4'50)","6.29","489","00:35:47","161","189","160","242","5:41","4:13","104","99","1.09","NaN","NaN","NaN","0.0","NaN","NaN","NaN","NaN","NaN","No","00:00:01.4","10","NaN","--","--","--","--","--","--","--","--","00:34:54","00:35:47","-6","35"
Carrera,2024-02-29 19:08:23,false,"Ciudad de Buenos Aires - 4x2k /1'","13.10","1,002","01:09:36","169","190","166","186","5:19","4:06","178","175","1.12","NaN","NaN","NaN","0.0","NaN","NaN","NaN","NaN","NaN","No","00:00:01.9","26","NaN","--","--","--","--","--","--","--","--","01:08:07","01:09:46","-6","36"
Carrera,2024-02-27 19:21:21,false,"Ciudad de Buenos Aires - 40' reg","6.61","520","00:40:01","153","168","162","172","6:03","5:27","40","59","1.02","NaN","NaN","NaN","0.0","NaN","NaN","NaN","NaN","NaN","No","00:00:01.4","8","NaN","--","--","--","--","--","--","--","--","00:39:06","00:40:01","-0","36"
Carrera,2024-02-26 18:07:55,false,"Ciudad de Buenos Aires - 5x1k/1'30","11.82","884","01:07:01","161","193","156","190","5:40","3:36","153","155","1.10","NaN","NaN","NaN","0.0","NaN","NaN","NaN","NaN","NaN","No","00:00:01.2","26","NaN","--","--","--","--","--","--","--","--","01:02:25","01:11:11","-6","39"
Carrera,2024-02-22 19:06:40,false,"Ciudad de Buenos Aires - 6x500/1'30","7.96","697","00:51:05","168","200","138","195","6:25","3:24","97","112","1.10","NaN","NaN","NaN","0.0","NaN","NaN","NaN","NaN","NaN","No","00:00:02.5","26","NaN","--","--","--","--","--","--","--","--","00:44:57","00:51:43","-5","31"
Carrera,2024-02-21 07:56:20,false,"Ciudad de Buenos Aires Carrera","1.64","93","00:06:19.1","165","198","184","192","3:52","3:25","9","10","1.41","NaN","NaN","NaN","0.0","NaN","NaN","NaN","NaN","NaN","No","00:02:28.6","2","NaN","--","--","--","--","--","--","--","--","00:06:15","00:06:19.1","8","18"
Carrera,2024-02-19 19:07:50,false,"Ciudad de Buenos Aires - 45' reg + 4x100 prog","8.61","669","00:50:34","157","183","164","187","5:52","3:43","91","94","1.04","NaN","NaN","NaN","0.0","NaN","NaN","NaN","NaN","NaN","No","00:00:00.8","17","NaN","--","--","--","--","--","--","--","--","00:49:32","00:50:57","-0","35"
Carrera,2024-02-17 10:08:04,false,"Ciudad de Buenos Aires - 75' con 45' cuestas","12.50","983","01:15:03","163","188","160","230","6:00","4:47","253","243","1.03","NaN","NaN","NaN","0.0","NaN","NaN","NaN","NaN","NaN","No","00:00:02.5","15","NaN","--","--","--","--","--","--","--","--","01:14:35","01:15:03","5","38"
Carrera,2024-02-15 15:18:01,false,"Ciudad de Buenos Aires - 40' reg","6.95","552","00:40:02","163","182","166","173","5:46","4:28","82","88","1.05","NaN","NaN","NaN","0.0","NaN","NaN","NaN","NaN","NaN","No","00:00:02.5","8","NaN","--","--","--","--","--","--","--","--","00:39:46","00:40:02","-0","33"
Carrera,2024-02-14 19:15:13,false,"Ciudad de Buenos Aires - 8x300/1'","8.34","721","00:50:12","169","198","140","197","6:01","3:12","136","139","1.19","NaN","NaN","NaN","0.0","NaN","NaN","NaN","NaN","NaN","No","00:00:05.2","34","NaN","--","--","--","--","--","--","--","--","00:40:27","00:51:22","5","39"
Carrera,2024-02-12 15:24:52,false,"Junín - 60' + 5 progresiones","11.14","874","01:07:01","160","181","163","189","6:01","3:24","19","23","1.02","NaN","NaN","NaN","0.0","NaN","NaN","NaN","NaN","NaN","No","00:00:05.1","21","NaN","--","--","--","--","--","--","--","--","01:06:57","01:08:35","68","86"
Carrera,2024-02-08 19:31:41,false,"Ciudad de Buenos Aires - 12x200/1'","7.72","676","00:49:32","165","192","137","201","6:25","3:05","165","161","1.17","NaN","NaN","NaN","0.0","NaN","NaN","NaN","NaN","NaN","No","00:00:01.7","38","NaN","--","--","--","--","--","--","--","--","00:41:22","00:50:31","5","87"
Carrera,2024-02-06 18:50:20,false,"Ciudad de Buenos Aires - 60' + 5 progresiones","11.13","876","01:05:34","163","184","162","186","5:53","3:30","203","202","1.04","NaN","NaN","NaN","0.0","NaN","NaN","NaN","NaN","NaN","No","00:00:20.9","19","NaN","--","--","--","--","--","--","--","--","01:05:16","01:06:19","-0","75"
Carrera,2024-02-04 19:13:59,false,"Ciudad de Buenos Aires - 60' CON 30' DE CUESTAS","10.42","811","01:00:02","162","183","164","246","5:46","4:40","210","216","1.05","NaN","NaN","NaN","0.0","NaN","NaN","NaN","NaN","NaN","No","00:00:01.7","13","NaN","--","--","--","--","--","--","--","--","00:59:23","01:00:02","5","39"
Carrera,2024-02-01 08:15:11,false,"Ciudad de Buenos Aires - 40' reg","5.65","436","00:38:47","140","156","157","176","6:52","5:48","49","35","0.93","NaN","NaN","NaN","0.0","NaN","NaN","NaN","NaN","NaN","No","00:04:23.9","6","NaN","--","--","--","--","--","--","--","--","00:37:54","00:38:47","6","27"
Carrera,2024-01-31 19:38:02,false,"Ciudad de Buenos Aires - 10x200/1'","7.10","644","00:46:16","169","196","134","195","6:31","3:08","97","106","1.13","NaN","NaN","NaN","0.0","NaN","NaN","NaN","NaN","NaN","No","00:00:01.6","34","NaN","--","--","--","--","--","--","--","--","00:39:14","00:46:16","4","34"
Carrera,2024-01-29 19:13:51,false,"Junín - 50' reg + 4x15","9.87","773","00:55:01","170","181","172","184","5:34","3:42","13","13","1.05","NaN","NaN","NaN","0.0","NaN","NaN","NaN","NaN","NaN","No","00:00:01.1","18","NaN","--","--","--","--","--","--","--","--","00:54:59","00:55:01","68","80"
Carrera,2024-01-27 19:29:14,false,"Junín - 50' CON 20' DE CUESTAS","8.38","695","00:50:01","171","186","164","173","5:58","5:25","18","18","1.02","NaN","NaN","NaN","0.0","NaN","NaN","NaN","NaN","NaN","No","00:00:01.3","11","NaN","--","--","--","--","--","--","--","--","00:49:59","00:50:01","68","86"
Carrera,2024-01-25 19:01:28,false,"Junín - 40' reg","6.03","459","00:40:01","148","170","161","168","6:38","5:36","7","22","0.93","NaN","NaN","NaN","0.0","NaN","NaN","NaN","NaN","NaN","No","00:00:01.4","8","NaN","--","--","--","--","--","--","--","--","00:40:00","00:42:22","68","91"
Carrera,2024-01-24 18:45:20,false,"Junín - 8x200/1'","6.37","561","00:40:35","167","206","142","211","6:22","3:08","61","74","1.09","NaN","NaN","NaN","0.0","NaN","NaN","NaN","NaN","NaN","No","00:00:02.0","29","NaN","--","--","--","--","--","--","--","--","00:38:02","00:41:43","71","89"
Carrera,2024-01-22 19:39:33,false,"Junín - 45' reg + 4x15","8.75","680","00:50:01","161","180","164","187","5:43","3:36","42","39","1.06","NaN","NaN","NaN","0.0","NaN","NaN","NaN","NaN","NaN","No","00:00:00.8","17","NaN","--","--","--","--","--","--","--","--","00:49:58","00:50:01","68","91"
Carrera,2024-01-20 19:00:54,false,"Junín - 50' reg () + 4x20 prog","9.53","738","00:54:01","164","183","172","184","5:40","3:50","19","20","1.03","NaN","NaN","NaN","0.0","NaN","NaN","NaN","NaN","NaN","No","00:00:00.8","18","NaN","--","--","--","--","--","--","--","--","00:53:59","00:54:01","68","81"
Carrera,2024-01-18 19:09:56,false,"Junín - 40' CON 10' DE CUESTAS","6.62","532","00:40:05","163","182","167","171","6:03","5:35","29","28","0.99","NaN","NaN","NaN","0.0","NaN","NaN","NaN","NaN","NaN","No","00:00:05.2","9","NaN","--","--","--","--","--","--","--","--","00:40:04","00:40:05","68","86"
Carrera,2024-01-16 18:37:58,false,"Junín - 40' reg","7.05","547","00:40:01","159","177","167","171","5:41","5:22","53","56","1.05","NaN","NaN","NaN","0.0","NaN","NaN","NaN","NaN","NaN","No","00:00:01.5","9","NaN","--","--","--","--","--","--","--","--","00:40:00","00:40:01","68","89"
Carrera,2024-01-03 19:57:30,false,"Junín - 40' reg","6.37","479","00:40:01","143","153","164","170","6:17","5:37","23","22","0.97","NaN","NaN","NaN","0.0","NaN","NaN","NaN","NaN","NaN","No","00:00:01.2","8","NaN","--","--","--","--","--","--","--","--","00:40:00","00:40:01","68","87"
Carrera,2024-01-02 19:20:43,false,"Junín - 12x400/200","11.34","873","01:05:07","164","194","163","189","5:44","3:51","108","113","1.04","NaN","NaN","NaN","0.0","NaN","NaN","NaN","NaN","NaN","No","00:00:20","36","NaN","--","--","--","--","--","--","--","--","01:04:33","01:07:30","68","86"
Carrera,2023-12-27 19:18:44,false,"Junín - 40' reg","6.58","506","00:40:02","150","168","163","168","6:05","5:31","31","26","1.01","NaN","NaN","NaN","0.0","NaN","NaN","NaN","NaN","NaN","No","00:00:01.6","8","NaN","--","--","--","--","--","--","--","--","00:39:59","00:40:02","68","86"
Carrera,2023-12-26 19:32:29,false,"Junín - 1x2k + 2x1k + 3x500","10.73","858","00:59:15","170","191","154","227","5:31","3:40","90","96","1.18","NaN","NaN","NaN","0.0","NaN","NaN","NaN","NaN","NaN","No","00:00:05.7","26","NaN","--","--","--","--","--","--","--","--","00:55:16","01:00:35","71","90"
Carrera,2023-12-21 20:02:20,false,"Ciudad de Buenos Aires - 40' reg","7.11","557","00:40:03","161","177","164","184","5:38","4:27","125","123","1.08","NaN","NaN","NaN","0.0","NaN","NaN","NaN","NaN","NaN","No","00:00:02.7","9","NaN","--","--","--","--","--","--","--","--","00:39:28","00:41:48","-1","71"
Carrera,2023-12-19 08:09:53,false,"Ciudad de Buenos Aires - 5k","8.59","619","00:42:22","164","193","175","190","4:56","3:55","68","83","1.15","NaN","NaN","NaN","0.0","NaN","NaN","NaN","NaN","NaN","No","00:00:20","17","NaN","--","--","--","--","--","--","--","--","00:42:06","00:43:08","6","42"
Carrera,2023-12-16 16:33:20,false,"Ciudad de Buenos Aires - 15' reg + 4 prog","3.60","264","00:20:01","153","172","168","183","5:34","4:12","55","68","1.07","NaN","NaN","NaN","0.0","NaN","NaN","NaN","NaN","NaN","No","00:00:00.6","12","NaN","--","--","--","--","--","--","--","--","00:20:00","00:20:34","5","34"
Carrera,2023-12-14 19:20:23,false,"Ciudad de Buenos Aires - 40' reg + 4x15 prog","7.81","600","00:44:01","161","178","167","184","5:38","4:10","84","78","1.06","NaN","NaN","NaN","0.0","NaN","NaN","NaN","NaN","NaN","No","00:00:01.1","17","NaN","--","--","--","--","--","--","--","--","00:43:27","00:45:20","-1","38"
Carrera,2023-12-12 19:41:30,false,"Ciudad de Buenos Aires - 3x1k/1'30","7.29","552","00:41:55","161","193","149","230","5:45","3:32","123","136","1.13","NaN","NaN","NaN","0.0","NaN","NaN","NaN","NaN","NaN","No","00:00:15","18","NaN","--","--","--","--","--","--","--","--","00:38:47","00:43:29","-6","41"
Carrera,2023-12-10 19:57:13,false,"Ciudad de Buenos Aires - 45' + 4 prog","8.92","657","00:50:01","152","171","170","184","5:36","4:14","73","84","1.05","NaN","NaN","NaN","0.0","NaN","NaN","NaN","NaN","NaN","No","00:00:01.4","17","NaN","--","--","--","--","--","--","--","--","00:49:49","00:51:51","-1","32"
Carrera,2023-12-08 19:33:37,false,"Ciudad de Buenos Aires - 1x3k 1x2k 1x1k /200","10.80","794","00:56:10","161","183","169","189","5:12","4:05","160","152","1.13","NaN","NaN","NaN","0.0","NaN","NaN","NaN","NaN","NaN","No","00:00:07.8","15","NaN","--","--","--","--","--","--","--","--","00:54:44","00:57:04","-6","66"
Carrera,2023-12-06 19:09:30,false,"Ciudad de Buenos Aires - 40' reg","7.49","545","00:40:02","155","173","168","181","5:21","4:19","101","112","1.11","NaN","NaN","NaN","0.0","NaN","NaN","NaN","NaN","NaN","No","00:00:02.2","9","NaN","--","--","--","--","--","--","--","--","00:39:26","00:41:47","-1","43"
Carrera,2023-12-05 18:43:01,false,"Ciudad de Buenos Aires - 7x1k/1'","12.12","924","01:05:37","166","194","160","194","5:25","3:42","113","122","1.15","NaN","NaN","NaN","0.0","NaN","NaN","NaN","NaN","NaN","No","00:00:20","27","NaN","--","--","--","--","--","--","--","--","01:02:55","01:06:08","5","36"
Carrera,2023-12-03 18:50:28,false,"Ciudad de Buenos Aires - 60' + 5 prog","10.92","785","01:05:02","146","166","166","181","5:57","4:11","196","197","1.01","NaN","NaN","NaN","0.0","NaN","NaN","NaN","NaN","NaN","No","00:00:01.8","21","NaN","--","--","--","--","--","--","--","--","01:04:45","01:06:32","-1","96"
Carrera,2023-12-02 20:27:54,false,"Ciudad de Buenos Aires - TESTEO 2k","7.11","520","00:40:56","156","192","161","189","5:46","3:36","73","71","1.06","NaN","NaN","NaN","0.0","NaN","NaN","NaN","NaN","NaN","No","00:00:15","15","NaN","--","--","--","--","--","--","--","--","00:40:50","00:40:56","5","36"
Carrera,2023-11-28 18:59:50,false,"Ciudad de Buenos Aires - 5x200 /30","8.47","671","00:50:00","164","196","156","197","5:54","3:08","153","152","1.08","NaN","NaN","NaN","0.0","NaN","NaN","NaN","NaN","NaN","No","00:00:05.1","27","NaN","--","--","--","--","--","--","--","--","00:48:15","00:51:23","-6","38"
Carrera,2023-11-26 20:17:08,false,"Ciudad de Buenos Aires - 45' + 4 prog","8.18","638","00:50:02","155","169","158","173","6:07","4:35","221","214","1.04","NaN","NaN","NaN","0.0","NaN","NaN","NaN","NaN","NaN","No","00:00:01.6","17","NaN","--","--","--","--","--","--","--","--","00:49:29","00:50:23","-6","72"
Carrera,2023-11-23 19:23:56,false,"Ciudad de Buenos Aires - 6x500 (2'00/1'50)","8.74","647","00:51:03","161","195","151","233","5:50","3:36","122","126","1.11","NaN","NaN","NaN","0.0","NaN","NaN","NaN","NaN","NaN","No","00:00:15","25","NaN","--","--","--","--","--","--","--","--","00:47:53","00:51:44","4","36"
Carrera,2023-11-21 19:38:53,false,"Ciudad de Buenos Aires - 55' CON 25' DE CUESTAS","9.27","707","00:55:41","158","180","159","176","6:00","4:27","179","182","1.04","NaN","NaN","NaN","0.0","NaN","NaN","NaN","NaN","NaN","No","00:00:40.6","12","NaN","--","--","--","--","--","--","--","--","00:55:25","00:57:21","6","38"
Carrera,2023-11-19 19:07:20,false,"Junín - 60' prog c/15'","12.28","904","01:00:17","173","186","180","187","4:55","3:59","40","27","1.13","NaN","NaN","NaN","0.0","NaN","NaN","NaN","NaN","NaN","No","00:00:17.5","15","NaN","--","--","--","--","--","--","--","--","01:00:14","01:00:17","68","91"
Carrera,2023-11-16 08:17:22,false,"Ciudad de Buenos Aires - 6x1k (4'15/3'50)","10.92","858","01:09:07","160","202","143","194","6:20","3:42","129","127","1.05","NaN","NaN","NaN","0.0","NaN","NaN","NaN","NaN","NaN","No","00:00:03.8","26","NaN","--","--","--","--","--","--","--","--","01:02:24","01:10:01","4","36"
Carrera,2023-11-14 19:10:21,false,"Ciudad de Buenos Aires - 65' CON 45' DE CUESTAS","12.52","962","01:10:47","164","188","163","181","5:39","4:28","333","311","1.09","NaN","NaN","NaN","0.0","NaN","NaN","NaN","NaN","NaN","No","00:00:47.4","15","NaN","--","--","--","--","--","--","--","--","01:09:02","01:10:56","5","40"
Carrera,2023-11-11 18:47:50,false,"Junín - 60' + 5 prog","11.02","846","01:05:02","158","175","167","180","5:54","4:27","58","62","1.01","NaN","NaN","NaN","0.0","NaN","NaN","NaN","NaN","NaN","No","00:00:01.7","22","NaN","--","--","--","--","--","--","--","--","01:04:59","01:05:45","68","95"
Carrera,2023-11-09 19:24:09,false,"Ciudad de Buenos Aires - 5x1k/2'","10.24","825","01:06:49","163","202","137","192","6:31","3:34","105","104","1.10","NaN","NaN","NaN","0.0","NaN","NaN","NaN","NaN","NaN","No","00:00:03.2","24","NaN","--","--","--","--","--","--","--","--","00:58:31","01:06:49","6","40"
Carrera,2023-11-07 18:11:51,false,"Ciudad de Buenos Aires - 70' con 40' de cuestas","11.30","976","01:10:06","177","199","160","178","6:12","4:54","274","273","1.00","NaN","NaN","NaN","0.0","NaN","NaN","NaN","NaN","NaN","No","00:00:06.4","14","NaN","--","--","--","--","--","--","--","--","01:09:35","01:10:06","5","37"
Carrera,2023-11-04 11:10:08,false,"Ciudad de Buenos Aires - 45' + 4 prog","8.21","640","00:50:02","159","179","164","176","6:06","4:42","116","113","1.00","NaN","NaN","NaN","0.0","NaN","NaN","NaN","NaN","NaN","No","00:00:02.0","17","NaN","--","--","--","--","--","--","--","--","00:49:44","00:52:41","0","37"
Carrera,2023-11-03 15:16:46,false,"Ciudad de Buenos Aires - TESTEO 2k","7.87","613","00:47:53","160","194","156","188","6:05","3:42","96","96","1.03","NaN","NaN","NaN","0.0","NaN","NaN","NaN","NaN","NaN","No","00:00:01.0","17","NaN","--","--","--","--","--","--","--","--","00:46:33","00:48:41","4","37"
Carrera,2023-10-31 08:00:11,false,"Ciudad de Buenos Aires - 50' CON 20' DE CUESTAS","8.73","656","00:50:06","156","175","169","180","5:44","4:56","179","183","1.03","NaN","NaN","NaN","0.0","NaN","NaN","NaN","NaN","NaN","No","00:00:05.5","11","NaN","--","--","--","--","--","--","--","--","00:50:00","00:51:27","4","39"
Carrera,2023-10-28 15:18:10,false,"Ciudad de Buenos Aires - 60' + 5 prog","10.73","884","01:05:02","172","188","167","178","6:04","4:48","112","117","0.99","NaN","NaN","NaN","0.0","NaN","NaN","NaN","NaN","NaN","No","00:00:01.8","21","NaN","--","--","--","--","--","--","--","--","01:04:43","01:06:20","-1","38"
Carrera,2023-10-26 19:18:31,false,"Ciudad de Buenos Aires - 10x500 (2'10/1'50)","10.61","909","01:04:52","173","198","146","222","6:07","3:42","122","128","1.09","NaN","NaN","NaN","0.0","NaN","NaN","NaN","NaN","NaN","No","00:00:15","33","NaN","--","--","--","--","--","--","--","--","00:58:43","01:07:16","5","38"
Carrera,2023-10-24 19:13:13,false,"Ciudad de Buenos Aires - 65' CON 35' DE CUESTAS","11.14","882","01:05:08","167","187","162","179","5:51","4:49","217","212","1.06","NaN","NaN","NaN","0.0","NaN","NaN","NaN","NaN","NaN","No","00:00:07.8","14","NaN","--","--","--","--","--","--","--","--","01:04:58","01:09:33","6","39"
Carrera,2023-10-21 18:08:40,false,"Junín - 60' + 5 prog","10.66","838","01:05:02","162","180","166","181","6:06","4:08","53","48","0.99","NaN","NaN","NaN","0.0","NaN","NaN","NaN","NaN","NaN","No","00:00:02.2","21","NaN","--","--","--","--","--","--","--","--","01:04:56","01:05:31","68","91"
Carrera,2023-10-19 19:19:02,false,"Ciudad de Buenos Aires - 8x500 (2'10/1'52)","9.19","797","00:59:03","174","202","142","233","6:25","3:33","95","102","1.06","NaN","NaN","NaN","0.0","NaN","NaN","NaN","NaN","NaN","No","00:00:06.3","30","NaN","--","--","--","--","--","--","--","--","00:53:47","00:59:28","4","37"
Carrera,2023-10-17 19:22:47,false,"Ciudad de Buenos Aires - 60' CON 30' DE CUESTAS","10.47","790","01:00:07","161","183","165","174","5:44","4:54","200","203","1.05","NaN","NaN","NaN","0.0","NaN","NaN","NaN","NaN","NaN","No","00:00:07.4","13","NaN","--","--","--","--","--","--","--","--","00:59:41","01:02:22","4","37"
Carrera,2023-10-14 10:01:04,false,"Junín - 60' + 5 prog","10.85","841","01:05:03","159","178","164","173","6:00","4:30","48","52","1.02","NaN","NaN","NaN","0.0","NaN","NaN","NaN","NaN","NaN","No","00:00:03.2","22","NaN","--","--","--","--","--","--","--","--","01:04:53","01:05:03","68","87"
Carrera,2023-10-12 18:24:08,false,"Junín - 6x500 (2'15/2'00)","11.13","854","01:07:11","157","191","157","239","6:02","3:41","34","22","1.04","NaN","NaN","NaN","0.0","NaN","NaN","NaN","NaN","NaN","No","00:00:01.5","29","NaN","--","--","--","--","--","--","--","--","01:05:50","01:07:11","68","89"
Carrera,2023-10-10 19:36:34,false,"Ciudad de Buenos Aires - 55' CON 25' DE CUESTAS","9.53","743","00:55:03","167","186","168","178","5:47","5:07","183","190","1.03","NaN","NaN","NaN","0.0","NaN","NaN","NaN","NaN","NaN","No","00:00:03.2","12","NaN","--","--","--","--","--","--","--","--","00:54:27","00:56:17","4","38"
Carrera,2023-10-07 14:16:54,false,"Ciudad de Buenos Aires - 50' reg + 4x15","9.16","729","00:55:02","163","181","161","175","6:01","5:22","138","141","1.03","NaN","NaN","NaN","0.0","NaN","NaN","NaN","NaN","NaN","No","00:00:01.9","18","NaN","--","--","--","--","--","--","--","--","00:54:24","00:55:55","0","36"
Carrera,2023-10-04 15:52:02,false,"Ciudad de Buenos Aires - 40' CON 10' DE CUESTAS","6.83","544","00:40:03","166","187","165","174","5:52","4:42","87","96","1.03","NaN","NaN","NaN","0.0","NaN","NaN","NaN","NaN","NaN","No","00:00:03.5","9","NaN","--","--","--","--","--","--","--","--","00:40:01","00:41:37","4","35"
Carrera,2023-10-02 15:35:57,false,"Ciudad de Buenos Aires - 40' regenerativos","6.52","516","00:40:03","158","175","164","171","6:09","5:03","119","116","0.99","NaN","NaN","NaN","0.0","NaN","NaN","NaN","NaN","NaN","No","00:00:03.5","8","NaN","--","--","--","--","--","--","--","--","00:40:01","00:40:03","3","36"
Ciclismo,2023-09-29 15:40:11,false,"Junín Ciclismo","15.80","315","01:10:07","97","118","--","--","13.5","25.9","42","41","NaN","NaN","NaN","NaN","0.0","NaN","NaN","NaN","NaN","NaN","No","00:04:29.2","4","NaN","--","--","--","--","--","--","--","--","01:09:39","01:10:07","68","88"
Carrera,2023-09-24 07:06:22,false,"Ciudad de Buenos Aires Carrera","42.77","3,172","03:54:33","167","187","173","184","5:29","4:37","359","358","1.05","NaN","NaN","NaN","0.0","NaN","NaN","NaN","NaN","NaN","No","00:04:02.8","43","NaN","--","--","--","--","--","--","--","--","03:53:49","03:54:33","-24","55"
Carrera,2023-09-22 15:33:42,false,"Ciudad de Buenos Aires - 15' reg + 4 prog","3.45","268","00:20:03","157","174","171","178","5:48","4:24","56","60","1.01","NaN","NaN","NaN","0.0","NaN","NaN","NaN","NaN","NaN","No","00:00:03.1","12","NaN","--","--","--","--","--","--","--","--","00:19:56","00:20:03","5","40"
Carrera,2023-09-20 15:23:55,false,"Ciudad de Buenos Aires - 30'reg 4x20prg","6.47","481","00:35:02","164","183","170","178","5:25","4:31","113","114","1.09","NaN","NaN","NaN","0.0","NaN","NaN","NaN","NaN","NaN","No","00:00:01.9","15","NaN","--","--","--","--","--","--","--","--","00:35:01","00:35:08","-6","33"
Carrera,2023-09-18 19:42:52,false,"Ciudad de Buenos Aires - 3x1k/1'30","7.90","584","00:44:28","160","192","162","186","5:38","3:59","101","97","1.09","NaN","NaN","NaN","0.0","NaN","NaN","NaN","NaN","NaN","No","00:00:15","19","NaN","--","--","--","--","--","--","--","--","00:43:12","00:45:16","4","40"
Carrera,2023-09-16 10:05:26,false,"Ciudad de Buenos Aires - 50' + 4 prog","9.27","709","00:55:02","158","175","166","174","5:56","5:12","82","97","1.01","NaN","NaN","NaN","0.0","NaN","NaN","NaN","NaN","NaN","No","00:00:02.1","18","NaN","--","--","--","--","--","--","--","--","00:55:00","00:56:07","-2","30"
Carrera,2023-09-13 15:40:08,false,"Ciudad de Buenos Aires - 6k prog (3-2-1)","10.08","754","00:54:31","165","191","175","186","5:24","4:27","87","92","1.06","NaN","NaN","NaN","0.0","NaN","NaN","NaN","NaN","NaN","No","00:00:03.3","12","NaN","--","--","--","--","--","--","--","--","00:54:17","00:55:44","5","39"
Carrera,2023-09-11 15:33:38,false,"Ciudad de Buenos Aires - 5x1k/200 suaves","9.68","746","00:54:41","165","187","168","181","5:39","4:25","90","83","1.05","NaN","NaN","NaN","0.0","NaN","NaN","NaN","NaN","NaN","No","00:01:03.4","15","NaN","--","--","--","--","--","--","--","--","00:54:09","00:54:41","6","39"
Carrera,2023-09-09 14:37:08,false,"Ciudad de Buenos Aires - 70' (5'45/5'30)","12.79","954","01:10:03","160","169","174","182","5:29","5:01","163","158","1.05","NaN","NaN","NaN","0.0","NaN","NaN","NaN","NaN","NaN","No","00:00:03.2","14","NaN","--","--","--","--","--","--","--","--","01:09:56","01:10:17","1","36"
Carrera,2023-09-07 15:58:31,false,"Ciudad de Buenos Aires - 5x1k/1'(-5)","10.74","845","01:01:10","168","194","161","188","5:42","4:06","100","101","1.09","NaN","NaN","NaN","0.0","NaN","NaN","NaN","NaN","NaN","No","00:00:01.6","24","NaN","--","--","--","--","--","--","--","--","00:59:39","01:01:27","4","39"
Carrera,2023-09-05 19:25:38,false,"Ciudad de Buenos Aires - 10x400/1'30","6.50","615","00:43:40","171","200","125","199","6:43","3:26","79","74","1.16","NaN","NaN","NaN","0.0","NaN","NaN","NaN","NaN","NaN","No","00:00:00.7","32","NaN","--","--","--","--","--","--","--","--","00:33:25","00:43:40","8","40"
Carrera,2023-09-03 16:54:55,false,"Ciudad de Buenos Aires - 90' suaves","15.07","1,176","01:30:01","164","183","166","174","5:58","5:10","204","202","1.01","NaN","NaN","NaN","0.0","NaN","NaN","NaN","NaN","NaN","No","00:00:01.2","17","NaN","--","--","--","--","--","--","--","--","01:29:54","01:30:34","-0","37"
Carrera,2023-09-02 09:03:23,false,"Ciudad de Buenos Aires - 5x1k/200","10.60","791","00:57:38","164","186","172","186","5:26","3:52","117","122","1.06","NaN","NaN","NaN","0.0","NaN","NaN","NaN","NaN","NaN","No","00:00:34.7","23","NaN","--","--","--","--","--","--","--","--","00:57:27","00:57:38","4","40"
Carrera,2023-08-31 14:50:00,false,"Ciudad de Buenos Aires - 40' reg + 4x20 prog","7.62","585","00:45:24","154","174","169","180","5:58","4:09","109","113","0.99","NaN","NaN","NaN","0.0","NaN","NaN","NaN","NaN","NaN","No","00:00:03.6","16","NaN","--","--","--","--","--","--","--","--","00:45:21","00:45:24","-2","35"
Carrera,2023-08-29 08:13:31,false,"Ciudad de Buenos Aires - 40' regenerativos","5.15","362","00:40:04","122","139","159","232","7:47","6:02","100","100","0.81","NaN","NaN","NaN","0.0","NaN","NaN","NaN","NaN","NaN","No","00:00:04.4","7","NaN","--","--","--","--","--","--","--","--","00:39:57","00:40:04","4","25"
Carrera,2023-08-27 07:09:57,false,"Ciudad de Buenos Aires Carrera","21.31","1,543","01:52:41","161","185","179","186","5:17","4:29","336","336","1.06","NaN","NaN","NaN","0.0","NaN","NaN","NaN","NaN","NaN","No","00:01:26.4","22","NaN","--","--","--","--","--","--","--","--","01:52:35","01:52:41","-3","55"
Carrera,2023-08-26 15:14:48,false,"Ciudad de Buenos Aires - 15' reg + 4 prog","3.31","255","00:20:13","152","173","160","176","6:07","4:34","62","61","1.02","NaN","NaN","NaN","0.0","NaN","NaN","NaN","NaN","NaN","No","00:00:12.6","12","NaN","--","--","--","--","--","--","--","--","00:20:11","00:20:13","4","36"
Carrera,2023-08-24 18:53:24,false,"Ciudad de Buenos Aires - 30' suaves","4.91","358","00:30:02","147","167","169","176","6:07","5:08","99","103","0.97","NaN","NaN","NaN","0.0","NaN","NaN","NaN","NaN","NaN","No","00:00:01.7","6","NaN","--","--","--","--","--","--","--","--","00:30:01","00:30:02","5","39"
Carrera,2023-08-23 15:38:43,false,"Ciudad de Buenos Aires - 5x200 /30","6.14","473","00:35:52","159","181","167","186","5:50","3:41","98","100","1.03","NaN","NaN","NaN","0.0","NaN","NaN","NaN","NaN","NaN","No","00:00:03.3","24","NaN","--","--","--","--","--","--","--","--","00:35:04","00:36:42","4","36"
Carrera,2023-08-21 19:32:22,false,"Ciudad de Buenos Aires - 1x1k/1' + 2x500/30","6.23","460","00:35:47","156","186","162","186","5:45","4:08","102","91","1.06","NaN","NaN","NaN","0.0","NaN","NaN","NaN","NaN","NaN","No","00:00:02.3","12","NaN","--","--","--","--","--","--","--","--","00:35:24","00:36:13","6","38"
Carrera,2023-08-19 15:52:19,false,"Junín - 50' prog con cuestas","8.17","633","00:50:04","156","169","172","180","6:08","4:41","23","25","0.95","NaN","NaN","NaN","0.0","NaN","NaN","NaN","NaN","NaN","No","00:00:04.3","11","NaN","--","--","--","--","--","--","--","--","00:50:02","00:50:04","74","90"
Carrera,2023-08-17 19:22:44,false,"Ciudad de Buenos Aires - 12k cambios de ritmo","15.77","1,237","01:26:18","177","194","171","182","5:28","4:27","181","186","1.07","NaN","NaN","NaN","0.0","NaN","NaN","NaN","NaN","NaN","No","00:00:01.6","18","NaN","--","--","--","--","--","--","--","--","01:26:09","01:26:18","1","38"
Carrera,2023-08-15 19:04:14,false,"Ciudad de Buenos Aires - 8x1k/1'","13.36","1,039","01:14:23","172","192","163","189","5:34","4:06","178","184","1.10","NaN","NaN","NaN","0.0","NaN","NaN","NaN","NaN","NaN","No","00:00:03.3","30","NaN","--","--","--","--","--","--","--","--","01:11:57","01:14:33","4","38"
Carrera,2023-08-12 15:24:50,false,"Junín - 2h prog con cuestas","19.86","1,487","02:00:04","155","168","169","184","6:03","5:12","111","119","0.98","NaN","NaN","NaN","0.0","NaN","NaN","NaN","NaN","NaN","No","00:00:04.4","25","NaN","--","--","--","--","--","--","--","--","01:59:23","02:04:27","68","95"
Carrera,2023-08-10 19:02:37,false,"Ciudad de Buenos Aires - 3x5k /1'","19.84","1,467","01:50:01","165","182","168","190","5:33","4:33","227","229","1.07","NaN","NaN","NaN","0.0","NaN","NaN","NaN","NaN","NaN","No","00:00:01.3","32","NaN","--","--","--","--","--","--","--","--","01:49:27","01:50:22","-3","36"
Carrera,2023-08-08 16:16:13,false,"Ciudad de Buenos Aires - 50' z1 z2","7.73","564","00:50:02","139","156","166","171","6:28","5:19","61","68","0.93","NaN","NaN","NaN","0.0","NaN","NaN","NaN","NaN","NaN","No","00:00:01.5","9","NaN","--","--","--","--","--","--","--","--","00:49:52","00:50:02","-3","57"
Carrera,2023-08-07 19:09:15,false,"Ciudad de Buenos Aires - 1x3k 2x2k 3x1k /1'","15.34","1,097","01:23:39","160","183","165","245","5:27","4:03","186","198","1.11","NaN","NaN","NaN","0.0","NaN","NaN","NaN","NaN","NaN","No","00:00:01.7","31","NaN","--","--","--","--","--","--","--","--","01:21:35","01:23:39","4","36"
Carrera,2023-08-05 10:14:20,false,"Ciudad de Buenos Aires - 90' prog con cuestas","15.82","1,174","01:30:05","158","182","172","184","5:42","4:31","381","395","1.02","NaN","NaN","NaN","0.0","NaN","NaN","NaN","NaN","NaN","No","00:00:04.5","19","NaN","--","--","--","--","--","--","--","--","01:29:46","01:30:44","4","38"
Carrera,2023-08-03 19:07:15,false,"Ciudad de Buenos Aires - 3x4k /1'","16.68","1,238","01:31:45","165","188","171","184","5:30","4:23","232","236","1.05","NaN","NaN","NaN","0.0","NaN","NaN","NaN","NaN","NaN","No","00:00:06.1","29","NaN","--","--","--","--","--","--","--","--","01:31:28","01:31:53","5","41"
Carrera,2023-08-01 15:22:24,false,"Ciudad de Buenos Aires - 5x1k pausa progresiva","9.87","763","00:56:55","166","197","156","190","5:46","3:53","164","164","1.09","NaN","NaN","NaN","0.0","NaN","NaN","NaN","NaN","NaN","No","00:00:01.5","24","NaN","--","--","--","--","--","--","--","--","00:53:03","00:57:34","5","55"
Carrera,2023-07-30 16:41:24,false,"Ciudad de Buenos Aires - Continuo (6'20"/5'35")","20.05","1,491","02:00:02","160","174","166","174","5:59","4:44","166","175","1.01","NaN","NaN","NaN","0.0","NaN","NaN","NaN","NaN","NaN","No","00:00:01.8","22","NaN","--","--","--","--","--","--","--","--","01:59:51","02:00:52","-1","36"
Carrera,2023-07-27 18:53:32,false,"Ciudad de Buenos Aires - 3x(5' de cuestas 200 suaves 2k(+","13.53","997","01:15:28","164","183","173","189","5:35","4:23","253","253","1.03","NaN","NaN","NaN","0.0","NaN","NaN","NaN","NaN","NaN","No","00:00:01.3","20","NaN","--","--","--","--","--","--","--","--","01:15:09","01:15:55","4","39"
Carrera,2023-07-25 07:37:59,false,"Ciudad de Buenos Aires - continuo (6'20"/5'35")","7.99","601","00:50:02","151","161","171","180","6:16","5:09","231","233","0.93","NaN","NaN","NaN","0.0","NaN","NaN","NaN","NaN","NaN","No","00:00:01.8","9","NaN","--","--","--","--","--","--","--","--","00:49:58","00:50:02","-0","148"
Carrera,2023-07-24 07:06:36,false,"Ciudad de Buenos Aires - 8x1k (5'00"/4'20")","12.57","960","01:10:35","168","197","163","192","5:37","3:55","150","150","1.08","NaN","NaN","NaN","0.0","NaN","NaN","NaN","NaN","NaN","No","00:00:03.8","29","NaN","--","--","--","--","--","--","--","--","01:07:57","01:11:11","6","37"
Carrera,2023-07-22 14:51:51,false,"Ciudad de Buenos Aires - 90' continuos (6'20/5'35)","15.43","1,204","01:30:01","167","185","172","184","5:50","4:50","155","162","1.00","NaN","NaN","NaN","0.0","NaN","NaN","NaN","NaN","NaN","No","00:00:01.5","17","NaN","--","--","--","--","--","--","--","--","01:29:15","01:31:37","-1","38"
Carrera,2023-07-20 15:20:03,false,"Ciudad de Buenos Aires - 3x (5'cu/200su + 3k(-1k)/200su)","13.79","1,013","01:16:43","165","186","170","186","5:34","4:16","237","231","1.05","NaN","NaN","NaN","0.0","NaN","NaN","NaN","NaN","NaN","No","00:00:03.3","21","NaN","--","--","--","--","--","--","--","--","01:16:20","01:24:33","4","39"
Carrera,2023-07-18 15:13:23,false,"Ciudad de Buenos Aires - recuperacion","7.20","534","00:45:01","147","159","167","176","6:15","0:41","67","64","0.96","NaN","NaN","NaN","0.0","NaN","NaN","NaN","NaN","NaN","No","00:00:01.1","9","NaN","--","--","--","--","--","--","--","--","00:44:44","00:45:01","-2","33"
Carrera,2023-07-17 15:11:52,false,"Ciudad de Buenos Aires - 3x(4x400/300-200-100)/1'30","11.77","854","01:07:48","160","186","170","242","5:46","3:46","113","112","1.01","NaN","NaN","NaN","0.0","NaN","NaN","NaN","NaN","NaN","No","00:00:01.5","38","NaN","--","--","--","--","--","--","--","--","01:07:23","01:07:48","4","36"
Carrera,2023-07-15 14:00:06,false,"Ciudad de Buenos Aires - Continuio (6'20/5'35)","13.02","946","01:20:03","151","165","169","176","6:09","4:54","153","154","0.96","NaN","NaN","NaN","0.0","NaN","NaN","NaN","NaN","NaN","No","00:00:01.7","15","NaN","--","--","--","--","--","--","--","--","01:19:47","01:21:46","-0","36"
Carrera,2023-07-13 15:32:54,false,"Ciudad de Buenos Aires - 6x1k pausa activa","11.77","861","01:06:14","160","186","170","189","5:38","4:00","123","132","1.03","NaN","NaN","NaN","0.0","NaN","NaN","NaN","NaN","NaN","No","00:00:03.5","25","NaN","--","--","--","--","--","--","--","--","01:05:50","01:06:49","4","39"
Carrera,2023-07-11 18:59:08,false,"Junín - 40' z1 z2","6.49","499","00:40:03","149","161","173","180","6:10","5:26","59","53","0.94","NaN","NaN","NaN","0.0","NaN","NaN","NaN","NaN","NaN","No","00:00:02.9","8","NaN","--","--","--","--","--","--","--","--","00:39:58","00:40:31","68","90"
Carrera,2023-07-10 15:25:18,false,"Ciudad de Buenos Aires - TEST 5K","10.60","748","01:01:23","159","198","161","231","5:48","3:55","115","122","1.05","NaN","NaN","NaN","0.0","NaN","NaN","NaN","NaN","NaN","No","00:00:03.0","21","NaN","--","--","--","--","--","--","--","--","01:00:46","01:03:06","5","37"
Carrera,2023-07-08 15:07:11,false,"Ciudad de Buenos Aires - 70' continuos","10.99","834","01:10:01","150","163","166","173","6:22","5:33","161","167","0.95","NaN","NaN","NaN","0.0","NaN","NaN","NaN","NaN","NaN","No","00:00:01.4","12","NaN","--","--","--","--","--","--","--","--","01:10:00","01:10:01","-0","40"
Carrera,2023-07-06 15:15:34,false,"Ciudad de Buenos Aires - 8x300/1'","7.80","662","00:50:44","168","202","143","219","6:30","3:26","49","44","1.05","NaN","NaN","NaN","0.0","NaN","NaN","NaN","NaN","NaN","No","00:00:00.4","34","NaN","--","--","--","--","--","--","--","--","00:45:53","00:50:44","7","38"
Carrera,2023-07-04 15:29:56,false,"Ciudad de Buenos Aires - 50' z1 z2","7.74","606","00:50:02","151","171","163","173","6:28","5:15","60","64","0.95","NaN","NaN","NaN","0.0","NaN","NaN","NaN","NaN","NaN","No","00:00:02.1","9","NaN","--","--","--","--","--","--","--","--","00:49:49","00:50:02","-1","34"
Carrera,2023-07-03 15:31:28,false,"Ciudad de Buenos Aires - 6k prog (3-2-1)","9.84","750","00:54:55","168","191","171","184","5:35","4:16","90","94","1.04","NaN","NaN","NaN","0.0","NaN","NaN","NaN","NaN","NaN","No","00:00:02.3","12","NaN","--","--","--","--","--","--","--","--","00:54:34","00:54:55","6","38"
Carrera,2023-07-01 14:02:49,false,"Ciudad de Buenos Aires - 60' continuos","9.73","732","01:00:02","159","174","168","173","6:10","5:10","67","71","0.97","NaN","NaN","NaN","0.0","NaN","NaN","NaN","NaN","NaN","No","00:00:01.7","11","NaN","--","--","--","--","--","--","--","--","00:59:55","01:00:24","-1","35"
Carrera,2023-06-29 07:31:00,false,"Ciudad de Buenos Aires - 12x200/1'","8.48","697","00:55:18","160","197","146","198","6:31","3:06","105","110","1.04","NaN","NaN","NaN","0.0","NaN","NaN","NaN","NaN","NaN","No","00:00:02.9","39","NaN","--","--","--","--","--","--","--","--","00:52:25","00:55:18","-2","38"
Carrera,2023-06-27 15:29:07,false,"Ciudad de Buenos Aires - 50' z1 z2","8.11","602","00:50:03","147","160","165","173","6:11","5:07","78","68","0.98","NaN","NaN","NaN","0.0","NaN","NaN","NaN","NaN","NaN","No","00:00:02.6","10","NaN","--","--","--","--","--","--","--","--","00:49:45","00:50:03","-3","36"
Carrera,2023-06-26 15:33:17,false,"Ciudad de Buenos Aires - 5k progresivos","9.57","750","00:57:04","162","194","168","246","5:58","4:02","152","162","1.00","NaN","NaN","NaN","0.0","NaN","NaN","NaN","NaN","NaN","No","00:00:02.3","12","NaN","--","--","--","--","--","--","--","--","00:57:01","00:57:04","5","38"
Carrera,2023-06-24 14:28:29,false,"Ciudad de Buenos Aires - 60' continuos","9.75","768","01:00:04","160","176","166","173","6:10","5:09","101","106","0.98","NaN","NaN","NaN","0.0","NaN","NaN","NaN","NaN","NaN","No","00:00:04.3","11","NaN","--","--","--","--","--","--","--","--","00:59:56","01:00:04","-3","39"
Carrera,2023-06-22 15:18:22,false,"Ciudad de Buenos Aires - 10x200/1'","8.01","670","00:51:50","161","190","152","196","6:28","3:22","101","101","1.01","NaN","NaN","NaN","0.0","NaN","NaN","NaN","NaN","NaN","No","00:00:01.5","35","NaN","--","--","--","--","--","--","--","--","00:49:18","00:51:50","4","37"
Carrera,2023-06-21 16:43:31,false,"Ciudad de Buenos Aires - 45' z1 z2","7.03","557","00:45:01","151","171","165","173","6:24","5:03","125","125","0.94","NaN","NaN","NaN","0.0","NaN","NaN","NaN","NaN","NaN","No","00:00:00.7","9","NaN","--","--","--","--","--","--","--","--","00:44:59","00:45:01","3","58"
Carrera,2023-06-19 15:38:42,false,"General Pueyrredón - 4k progresivos","8.64","656","00:51:40","158","187","170","184","5:59","4:02","75","64","0.98","NaN","NaN","NaN","0.0","NaN","NaN","NaN","NaN","NaN","No","00:00:00.8","11","NaN","--","--","--","--","--","--","--","--","00:51:39","00:51:40","7","30"
Carrera,2023-06-17 17:30:12,false,"General Pueyrredón - 55' continuos","8.72","651","00:55:01","144","153","167","172","6:19","5:38","51","51","0.95","NaN","NaN","NaN","0.0","NaN","NaN","NaN","NaN","NaN","No","00:00:01.5","10","NaN","--","--","--","--","--","--","--","--","00:55:00","00:55:01","8","29"
Carrera,2023-06-15 15:46:14,false,"Ciudad de Buenos Aires - 8x200/1'","7.47","598","00:48:33","157","191","152","194","6:30","3:28","110","117","1.00","NaN","NaN","NaN","0.0","NaN","NaN","NaN","NaN","NaN","No","00:00:00.9","31","NaN","--","--","--","--","--","--","--","--","00:46:42","00:49:15","4","40"
Carrera,2023-06-13 15:45:41,false,"Ciudad de Buenos Aires - 40' z1 z2","6.33","464","00:40:02","148","161","165","174","6:19","4:44","113","109","0.96","NaN","NaN","NaN","0.0","NaN","NaN","NaN","NaN","NaN","No","00:00:01.5","8","NaN","--","--","--","--","--","--","--","--","00:39:59","00:40:02","3","39"
Carrera,2023-06-12 15:16:00,false,"Ciudad de Buenos Aires - 10x100 progresiones","6.80","515","00:46:49","144","161","148","190","6:53","3:39","161","160","0.99","NaN","NaN","NaN","0.0","NaN","NaN","NaN","NaN","NaN","No","00:00:00.8","27","NaN","--","--","--","--","--","--","--","--","00:43:08","00:50:53","4","40"
Carrera,2023-06-10 11:09:56,false,"Ciudad de Buenos Aires - 50' continuos","8.19","624","00:50:02","156","176","166","173","6:06","5:24","81","86","0.99","NaN","NaN","NaN","0.0","NaN","NaN","NaN","NaN","NaN","No","00:00:02.1","10","NaN","--","--","--","--","--","--","--","--","00:49:39","00:50:23","-1","35"
Carrera,2023-06-08 15:32:39,false,"Ciudad de Buenos Aires - 6x200/1'","6.62","548","00:45:11","159","183","146","237","6:50","3:33","66","74","1.02","NaN","NaN","NaN","0.0","NaN","NaN","NaN","NaN","NaN","No","00:00:01.0","27","NaN","--","--","--","--","--","--","--","--","00:42:25","00:45:52","4","37"
Carrera,2023-06-06 15:14:15,false,"Ciudad de Buenos Aires - 35' z1 z2","5.43","408","00:35:01","151","171","166","173","6:27","5:28","96","105","0.93","NaN","NaN","NaN","0.0","NaN","NaN","NaN","NaN","NaN","No","00:00:01.3","7","NaN","--","--","--","--","--","--","--","--","00:35:00","00:35:47","2","38"
Carrera,2023-06-05 15:15:58,false,"Ciudad de Buenos Aires - 8x100 progresiones","6.98","519","00:44:53","151","175","167","202","6:26","3:12","141","145","0.93","NaN","NaN","NaN","0.0","NaN","NaN","NaN","NaN","NaN","No","00:00:14.2","23","NaN","--","--","--","--","--","--","--","--","00:44:46","00:46:11","5","39"
Carrera,2023-06-03 10:05:21,false,"Ciudad de Buenos Aires - 45' reg","6.82","490","00:45:03","145","157","165","170","6:36","4:38","130","133","0.92","NaN","NaN","NaN","0.0","NaN","NaN","NaN","NaN","NaN","No","00:00:03.1","8","NaN","--","--","--","--","--","--","--","--","00:45:00","00:45:03","3","36"
Carrera,2023-06-01 15:32:24,false,"Ciudad de Buenos Aires - 40' reg","6.24","480","00:40:56","151","168","163","170","6:34","5:45","124","122","0.94","NaN","NaN","NaN","0.0","NaN","NaN","NaN","NaN","NaN","No","00:00:01.5","10","NaN","--","--","--","--","--","--","--","--","00:40:46","00:41:49","3","38"
Carrera,2023-05-30 15:49:25,false,"Ciudad de Buenos Aires Carrera","7.01","543","00:42:43","167","184","164","173","6:06","5:01","89","98","1.00","NaN","NaN","NaN","0.0","NaN","NaN","NaN","NaN","NaN","No","00:00:02.4","8","NaN","--","--","--","--","--","--","--","--","00:42:42","00:42:43","-1","38"
Carrera,2023-05-23 15:40:27,false,"Ciudad de Buenos Aires Carrera","8.01","631","00:48:03","169","184","166","171","6:00","4:52","115","122","1.00","NaN","NaN","NaN","0.0","NaN","NaN","NaN","NaN","NaN","No","00:00:01.8","9","NaN","--","--","--","--","--","--","--","--","00:47:45","00:48:55","-0","36"
Carrera,2023-05-16 15:11:55,false,"Ciudad de Buenos Aires Carrera","6.01","483","00:34:56","176","190","166","175","5:48","5:02","117","112","1.04","NaN","NaN","NaN","0.0","NaN","NaN","NaN","NaN","NaN","No","00:00:04.1","7","NaN","--","--","--","--","--","--","--","--","00:34:47","00:34:56","-1","37"
Carrera,2023-04-25 16:31:51,false,"Ciudad de Buenos Aires Carrera","8.20","608","00:47:13","158","182","167","243","5:45","4:51","64","85","1.04","NaN","NaN","NaN","0.0","NaN","NaN","NaN","NaN","NaN","No","00:01:08.2","9","NaN","--","--","--","--","--","--","--","--","00:46:26","00:47:13","-0","36"
Carrera,2023-04-18 15:17:40,false,"Ciudad de Buenos Aires Carrera","10.01","733","00:57:25","160","182","171","180","5:44","4:30","121","129","1.02","NaN","NaN","NaN","0.0","NaN","NaN","NaN","NaN","NaN","No","00:00:06.6","11","NaN","--","--","--","--","--","--","--","--","00:57:17","00:58:22","-1","37"
Carrera,2023-04-13 16:42:41,false,"Ciudad de Buenos Aires Carrera","9.82","704","00:57:37","152","179","167","174","5:52","4:40","106","99","1.02","NaN","NaN","NaN","0.0","NaN","NaN","NaN","NaN","NaN","No","00:04:44.7","10","NaN","--","--","--","--","--","--","--","--","00:57:22","01:00:31","-1","39"
Carrera,2023-04-11 19:47:33,false,"Ciudad de Buenos Aires Carrera","10.02","781","01:01:43","163","181","160","173","6:10","5:09","180","184","1.02","NaN","NaN","NaN","0.0","NaN","NaN","NaN","NaN","NaN","No","00:00:05.0","11","NaN","--","--","--","--","--","--","--","--","01:01:07","01:01:45","-2","41"
Carrera,2023-04-08 09:34:17,false,"Junín - Trote suave","22.38","1,689","02:00:00","171","191","171","183","5:22","4:57","52","47","1.09","NaN","NaN","NaN","0.0","NaN","NaN","NaN","NaN","NaN","No","00:03:20.0","23","NaN","--","--","--","--","--","--","--","--","01:59:57","02:07:32","68","92"
Carrera,2023-04-06 18:40:38,false,"Junín - Repeticiones de zancada","5.53","397","00:33:06","161","192","157","206","5:59","2:52","23","19","1.04","NaN","NaN","NaN","0.0","NaN","NaN","NaN","NaN","NaN","No","00:00:06.5","29","NaN","--","--","--","--","--","--","--","--","00:33:04","00:36:43","68","86"
Carrera,2023-04-04 16:49:52,false,"Ciudad de Buenos Aires - Repeticiones: velocidad","13.25","1,006","01:22:37","164","201","148","240","6:14","3:33","152","132","1.05","NaN","NaN","NaN","0.0","NaN","NaN","NaN","NaN","NaN","No","00:00:00.5","24","NaN","--","--","--","--","--","--","--","--","01:18:02","01:23:25","6","41"
Carrera,2023-04-01 15:16:41,false,"Ciudad de Buenos Aires - Carrera de progresión","15.81","1,184","01:25:00","171","193","168","178","5:23","4:13","163","181","1.11","NaN","NaN","NaN","0.0","NaN","NaN","NaN","NaN","NaN","No","00:00:29.2","18","NaN","--","--","--","--","--","--","--","--","01:24:25","01:26:02","-2","37"
Carrera,2023-03-30 19:23:14,false,"Ciudad de Buenos Aires - Repeticiones de zancada","5.65","449","00:34:44","166","197","144","225","6:09","2:35","155","158","1.11","NaN","NaN","NaN","0.0","NaN","NaN","NaN","NaN","NaN","No","00:00:20","29","NaN","--","--","--","--","--","--","--","--","00:33:56","00:43:34","6","36"
Carrera,2023-03-28 16:51:43,false,"Ciudad de Buenos Aires - Carrera con ritmo de meta","9.47","751","01:00:00","165","187","150","223","6:20","4:07","112","113","1.03","NaN","NaN","NaN","0.0","NaN","NaN","NaN","NaN","NaN","No","00:04:14.3","11","NaN","--","--","--","--","--","--","--","--","00:55:42","01:00:21","-1","36"
Carrera,2023-03-25 08:20:14,false,"Junín - Trote suave","21.12","1,588","01:52:50","173","189","171","184","5:21","4:51","68","64","1.09","NaN","NaN","NaN","0.0","NaN","NaN","NaN","NaN","NaN","No","00:02:46.9","22","NaN","--","--","--","--","--","--","--","--","01:52:46","01:56:24","73","88"
Carrera,2023-03-23 19:19:42,false,"Junín - Repeticiones: velocidad","8.89","676","00:51:00","167","194","154","243","5:44","2:53","48","43","1.11","NaN","NaN","NaN","0.0","NaN","NaN","NaN","NaN","NaN","No","00:00:30","30","NaN","--","--","--","--","--","--","--","--","00:50:09","00:51:18","68","89"
Carrera,2023-03-21 15:07:40,false,"Ciudad de Buenos Aires - Carrera de progresión","7.58","534","00:40:00","166","192","163","183","5:17","3:49","78","104","1.14","NaN","NaN","NaN","0.0","NaN","NaN","NaN","NaN","NaN","No","00:01:33.4","9","NaN","--","--","--","--","--","--","--","--","00:39:58","00:45:31","-6","39"
Entrenamiento en cinta,2023-03-20 09:02:38,false,"Trote suave","6.00","474","00:40:02","157","177","149","171","6:40","4:33","--","--","1.09","NaN","NaN","NaN","0.0","NaN","NaN","NaN","NaN","NaN","No","00:00:01.9","9","NaN","--","--","--","--","--","--","--","--","00:37:07","00:40:02","--","--"
Carrera,2023-03-18 20:12:18,false,"Ciudad de Buenos Aires - Carrera de progresión","7.68","560","00:40:01","172","195","165","220","5:13","3:35","94","106","1.15","NaN","NaN","NaN","0.0","NaN","NaN","NaN","NaN","NaN","No","00:00:00.6","10","NaN","--","--","--","--","--","--","--","--","00:39:57","00:41:10","-6","35"
Carrera,2023-03-16 20:24:58,false,"Ciudad de Buenos Aires - Trote suave","7.56","592","00:45:00","170","188","150","175","5:57","4:12","122","114","1.10","NaN","NaN","NaN","0.0","NaN","NaN","NaN","NaN","NaN","No","00:04:02.7","9","NaN","--","--","--","--","--","--","--","--","00:42:17","00:45:00","1","37"
Carrera,2023-03-15 20:02:43,false,"Ciudad de Buenos Aires - Repeticiones: velocidad","10.15","794","01:03:00","169","199","146","246","6:13","3:03","166","156","1.07","NaN","NaN","NaN","0.0","NaN","NaN","NaN","NaN","NaN","No","00:00:30","27","NaN","--","--","--","--","--","--","--","--","01:00:05","01:03:33","-6","36"
Carrera,2023-03-13 20:01:51,false,"Ciudad de Buenos Aires - Trote suave","7.77","603","00:45:00","172","188","158","171","5:47","4:54","95","90","1.08","NaN","NaN","NaN","0.0","NaN","NaN","NaN","NaN","NaN","No","00:03:37.2","9","NaN","--","--","--","--","--","--","--","--","00:44:43","00:47:32","0","39"
Carrera,2023-03-09 20:09:38,false,"Ciudad de Buenos Aires - Repeticiones de zancada","4.45","407","00:32:51","170","199","130","246","7:22","2:21","51","51","0.98","NaN","NaN","NaN","0.0","NaN","NaN","NaN","NaN","NaN","No","00:00:00.6","26","NaN","--","--","--","--","--","--","--","--","00:30:24","00:32:56","3","36"
Carrera,2023-03-07 20:18:11,false,"Ciudad de Buenos Aires - Repeticiones: ritmo objetivo","9.48","735","01:02:24","166","190","136","246","6:35","3:06","115","108","1.08","NaN","NaN","NaN","0.0","NaN","NaN","NaN","NaN","NaN","No","00:00:04.7","29","NaN","--","--","--","--","--","--","--","--","00:57:52","01:02:24","4","38"
Trabajo de respiración,2023-03-02 22:35:47,false,"Relaj. y concentr.","--","--","00:05:34","83","92","--","--","--","--","--","--","NaN","NaN","NaN","NaN","0.0","NaN","NaN","NaN","NaN","NaN","No","00:00:04","77","NaN","4","4","4","-10","86","76","76","86","00:00:00","00:05:34","--","--"
Carrera,2023-03-02 20:33:40,false,"Ciudad de Buenos Aires - Magic Mile","3.76","342","00:24:16","177","201","135","187","6:27","3:26","41","36","1.10","NaN","NaN","NaN","0.0","NaN","NaN","NaN","NaN","NaN","No","00:00:00.6","19","NaN","--","--","--","--","--","--","--","--","00:20:29","00:24:47","6","20"
Carrera,2023-02-28 20:19:37,false,"Ciudad de Buenos Aires - Repeticiones: ritmo objetivo","7.00","653","00:52:52","167","195","118","240","7:33","3:05","116","105","1.10","NaN","NaN","NaN","0.0","NaN","NaN","NaN","NaN","NaN","No","00:00:01.4","28","NaN","--","--","--","--","--","--","--","--","00:43:04","00:53:00","4","43"
Carrera,2023-02-26 08:10:23,false,"Ciudad de Buenos Aires - Trote suave","15.70","1,190","01:30:02","168","185","163","175","5:44","4:05","191","191","1.06","NaN","NaN","NaN","0.0","NaN","NaN","NaN","NaN","NaN","No","00:02:13.7","17","NaN","--","--","--","--","--","--","--","--","01:28:40","01:32:30","-0","38"
Carrera,2023-02-23 20:29:39,false,"Ciudad de Buenos Aires - Repeticiones en colina","4.19","414","00:32:25","171","190","111","225","7:44","2:24","31","29","1.19","NaN","NaN","NaN","0.0","NaN","NaN","NaN","NaN","NaN","No","00:00:08.3","40","NaN","--","--","--","--","--","--","--","--","00:26:25","00:33:15","5","24"
Carrera,2023-02-22 20:03:17,false,"Ciudad de Buenos Aires - Repeticiones: ritmo objetivo","7.83","671","00:56:45","164","189","125","230","7:15","3:36","100","80","1.07","NaN","NaN","NaN","0.0","NaN","NaN","NaN","NaN","NaN","No","00:00:30","27","NaN","--","--","--","--","--","--","--","--","00:49:33","00:59:59","-1","35"
Carrera,2023-02-18 14:48:07,false,"Junín - Run Walk Run®","10.47","861","01:04:31","175","189","152","239","6:10","4:06","41","42","1.06","NaN","NaN","NaN","0.0","NaN","NaN","NaN","NaN","NaN","No","00:00:11.9","13","NaN","--","--","--","--","--","--","--","--","01:03:57","01:05:19","67","86"
Carrera,2023-02-16 19:34:51,false,"Junín - Magic Mile","4.99","374","00:30:06","165","192","153","242","6:02","3:23","15","8","1.06","NaN","NaN","NaN","0.0","NaN","NaN","NaN","NaN","NaN","No","00:00:30","19","NaN","--","--","--","--","--","--","--","--","00:30:06","00:30:52","68","80"
Carrera,2023-02-14 20:21:18,false,"Junín - Repeticiones: ritmo objetivo","6.95","552","00:48:25","160","202","129","240","6:58","3:23","26","15","1.07","NaN","NaN","NaN","0.0","NaN","NaN","NaN","NaN","NaN","No","00:00:12.6","27","NaN","--","--","--","--","--","--","--","--","00:44:38","00:48:27","68","91"
Carrera,2023-02-11 20:23:02,false,"Junín - Trote suave","12.15","1,019","01:17:48","174","188","156","201","6:24","5:25","45","42","0.99","NaN","NaN","NaN","0.0","NaN","NaN","NaN","NaN","NaN","No","00:01:26.6","14","NaN","--","--","--","--","--","--","--","--","01:17:14","01:17:49","68","87"
Carrera,2023-02-09 19:32:05,false,"Junín - Repeticiones en colina","3.98","329","00:25:31","173","196","140","202","6:25","3:05","5","15","1.09","NaN","NaN","NaN","0.0","NaN","NaN","NaN","NaN","NaN","No","00:00:15","33","NaN","--","--","--","--","--","--","--","--","00:25:25","00:29:38","73","88"
Carrera,2023-02-07 20:04:40,false,"Junín - Benchmark Run","1.68","130","00:09:00","178","190","166","176","5:21","4:30","2","--","1.12","NaN","NaN","NaN","0.0","NaN","NaN","NaN","NaN","NaN","No","00:02:00","3","NaN","--","--","--","--","--","--","--","--","00:09:00","00:09:00","68","76"
